Claim,LOB1,LOB2,LOB3
"X_1,1",69521,4723773,52216
"X_1,2",449217.1235,12360970.41,454419.2405
"X_1,3",649135.0544,6222608.534,776840.3523
"X_1,4",863372.7774,2777915.703,1037754.3
"X_1,5",1138476.238,1753619.293,2247166.427
"X_1,6",1581369.176,759196.4717,5139196.631
"X_1,7",2306926.099,583939.6864,7852572.292
"X_1,8",3815815.583,451924.4103,7734087.443
"X_1,9",3852150.255,103462.0785,10971704.48
"X_1,10",3593281.256,115666.9506,10028225.04
"X_1,11",3844800.859,28690.04688,9876070.468
"X_1,12",4595363.883,160040.5062,9588143.422
"X_1,13",4561986.621,42933.60753,14684942.84
"X_1,14",7002586.36,34647.76799,14685274.18
"X_1,15",5355781.216,55130.83855,7433437.524
"X_1,16",6087649.662,24662.59783,11623689.58
"X_1,17",5287490.779,31333.67956,9839710.982
"X_1,18",3317677.017,37832.54702,4864058.965
"X_1,19",4252572.055,24208.96647,4037500.879
"X_1,20",2196758.13,12402.29025,2475431.537
"X_1,21",3142849.471,29786.59357,2816420.129
"X_1,22",2269727.661,1146.123007,2180335.727
"X_1,23",2383113.353,11255.47066,3541098.94
"X_1,24",1369945.815,5411.262883,1635769.849
"X_1,25",1075193.201,3049.600943,4002786.947
"X_1,26",649924.9654,13671.7732,2409217.241
"X_1,27",544701.6467,14773.42639,842554.1811
"X_1,28",641858.4732,4051.096399,366035.7489
"X_1,29",956302.2173,10573.9039,719033.6163
"X_1,30",469608.101,4911.983806,1623888.888
"X_1,31",567978.7644,6701.477661,1730043.111
"X_1,32",394865.7824,2233.105706,1065236.344
"X_1,33",709501.3247,625.8524712,751111.8427
"X_1,34",623346.4672,-23.56222851,361843.8551
"X_1,35",250732.2789,15.29297932,963271.9575
"X_1,36",113416.5217,1972.453546,338039.3356
"X_1,37",186541.4379,3739.140852,-521703.5146
"X_1,38",705015.0027,2014.584202,178520.596
"X_1,39",373249.2681,3298.309853,183619.4285
"X_1,40",131859.1947,18328.88787,1779716.602
"X_2,1",66588,7576262,35882
"X_2,2",325307.6131,15897847.29,219426.7769
"X_2,3",616210.9633,9164692.599,366397.0965
"X_2,4",745262.2351,3890096.16,502680.337
"X_2,5",1114980.18,2341559.609,1102688.26
"X_2,6",1431014.583,1060039.303,2505337.282
"X_2,7",2147932.153,1126509.884,4002175.91
"X_2,8",3149727.832,391131.4062,4230637.286
"X_2,9",3090222.842,179401.7399,4664121.715
"X_2,10",3374031.336,182901.979,4785116.509
"X_2,11",2916762.513,142141.7407,4077432.132
"X_2,12",5907617.944,64096.21635,5231685.915
"X_2,13",5286808.268,70960.60622,5803558.182
"X_2,14",5045574.461,39290.59767,5546794.599
"X_2,15",5332641.374,45187.77175,6329595.456
"X_2,16",3590956.746,66687.6808,5623315.488
"X_2,17",4554779.826,39740.67304,5396168.46
"X_2,18",3160930.669,56352.2641,4121696.298
"X_2,19",4745975.884,48837.42651,4629784.821
"X_2,20",1711742.738,18728.54314,1166421.516
"X_2,21",1792338.996,21188.00931,3263564.284
"X_2,22",1273404.557,11425.23683,1720349.305
"X_2,23",976079.4674,4389.00495,1827867.15
"X_2,24",1227011.836,7335.212243,566911.3348
"X_2,25",924006.3237,4264.741269,2136992.974
"X_2,26",755685.0206,50426.85241,1352626.062
"X_2,27",987496.0354,-23593.52777,833207.8139
"X_2,28",939148.4326,5663.5653,653554.0545
"X_2,29",693838.1118,45709.83182,1298234.184
"X_2,30",712235.5563,6923.744033,652900.0575
"X_2,31",518747.2621,3305.918724,800183.5066
"X_2,32",303243.3284,4431.84287,175368.7133
"X_2,33",543744.2331,1133.294715,249100.237
"X_2,34",1677068.083,636.0675329,321909.7723
"X_2,35",556411.1088,21.39374161,741048.7354
"X_2,36",219679.1901,679.4340514,173953.9416
"X_2,37",388650.7157,1268.119645,26173.95623
"X_2,38",632337.5397,2817.853403,97083.05143
"X_2,39",235040.2212,1717.434892,227636.737
"X_3,1",45376,4912135,34904
"X_3,2",340736.4985,9855557.794,385552.0534
"X_3,3",449655.6305,5861595.34,491665.7983
"X_3,4",523590.4539,2592525.686,658051.1693
"X_3,5",675502.3754,1487020.262,1513836.155
"X_3,6",1015188.777,673836.5543,3469342.075
"X_3,7",1285446.489,355213.4568,3988039.502
"X_3,8",2236230.561,175498.5735,6029791.14
"X_3,9",1880461.948,125377.9796,6162539.752
"X_3,10",2058531.085,122587.0242,4470132.16
"X_3,11",2997523.119,196234.0462,5671642.24
"X_3,12",2248192.144,92382.42049,4751766.18
"X_3,13",3083420.315,49203.74239,5355007.16
"X_3,14",2859390.96,33570.32637,5609350.426
"X_3,15",3522280.148,39677.66943,7718407.208
"X_3,16",2798464.649,23501.72538,4334556.44
"X_3,17",3094536.884,62690.09435,2965018.528
"X_3,18",1953639.928,79494.96972,2399914.112
"X_3,19",1762214.514,105893.684,2561665.822
"X_3,20",1580232.028,14794.98058,1551406.263
"X_3,21",888956.2571,13065.71555,4081828.156
"X_3,22",857052.3209,2673.049961,1975746.828
"X_3,23",1719190.904,7353.60864,978449.8037
"X_3,24",687814.8629,5182.165641,1108658.676
"X_3,25",632034.1107,2618.292917,776191.7683
"X_3,26",455617.6981,27577.12922,636360.2054
"X_3,27",1053848.325,7249.165492,892660.2405
"X_3,28",1892062.787,3903.777054,736998.8306
"X_3,29",474442.3634,15216.8579,1383831.269
"X_3,30",317249.5267,4386.409304,637437.9579
"X_3,31",329139.7472,5939.809528,926875.2668
"X_3,32",188304.6335,2236.733182,174462.4965
"X_3,33",359578.0943,718.0650212,245636.4909
"X_3,34",364852.5428,-20.88454833,286864.5635
"X_3,35",145022.4926,13.55504067,513296.5013
"X_3,36",120246.0558,1067.035897,382950.5294
"X_3,37",252361.6595,803.4975637,-43642.80675
"X_3,38",409507.1017,1785.429594,95614.94618
"X_4,1",70814,11827027,17083
"X_4,2",560354.5405,33029827.36,151820.7767
"X_4,3",811849.7087,16350567.86,190422.6448
"X_4,4",978896.1713,7109613.085,239588.8286
"X_4,5",976296.4581,4662781.388,462379.9071
"X_4,6",2465927.74,2396627.335,1398839.67
"X_4,7",3407724.233,1461008.167,2004458.87
"X_4,8",3825204.254,597924.8784,2605909.732
"X_4,9",5208743.424,433141.4234,2799292.048
"X_4,10",4354072.283,414775.3308,2328784.337
"X_4,11",5133439.1,272496.6344,1993699.666
"X_4,12",5321740.813,166893.3179,2837428.282
"X_4,13",5794114.875,533363.5779,2799550.774
"X_4,14",8203646.223,109200.0663,3079276.935
"X_4,15",6584019.461,145270.9654,1790094.08
"X_4,16",6107652.883,60140.56448,2059546.437
"X_4,17",6454335.049,105922.2667,1973056.514
"X_4,18",4300923.487,106199.3857,1959872.703
"X_4,19",3271213.766,62358.37824,1613926.919
"X_4,20",2499330.076,100765.8371,1323259.986
"X_4,21",1863585.589,38890.4489,1957499.19
"X_4,22",1695302.046,13668.76616,794379.3844
"X_4,23",2289189.761,8142.040656,887565.7538
"X_4,24",1416234.846,23027.67665,432445.6214
"X_4,25",639468.9355,19378.26739,261011.4252
"X_4,26",1574163.159,101194.3946,208147.9763
"X_4,27",678515.8762,-28064.67536,481408.8116
"X_4,28",1345337.086,10585.39447,243489.6443
"X_4,29",934392.1776,45281.84657,661953.1153
"X_4,30",3035889.186,14768.52386,563316.9823
"X_4,31",665709.5039,17675.8763,446243.2018
"X_4,32",455402.7359,5890.05921,100547.4049
"X_4,33",384123.2611,1650.753971,91539.90912
"X_4,34",463491.326,-62.14794074,400319.2138
"X_4,35",742577.3382,-474.5710657,237435.2375
"X_4,36",137455.3903,1281.032818,226369.1724
"X_4,37",507990.4377,2390.964772,12506.34685
"X_5,1",96432,4999885,53904
"X_5,2",509855.0459,10822618.59,437410.3409
"X_5,3",754995.6757,4851220.322,524089.7303
"X_5,4",958478.7043,2532663.383,970073.5797
"X_5,5",1289554.947,1669699.786,2511956.145
"X_5,6",1796932.373,563576.2904,6073686.966
"X_5,7",2578490.472,565121.4327,8137300.364
"X_5,8",4316834.362,402720.435,8239817.958
"X_5,9",4397738.734,141470.6631,11358130.2
"X_5,10",3766178.175,93812.23689,10380222.57
"X_5,11",5836496.637,199845.2903,10150507.82
"X_5,12",6439557.85,41070.48311,13979702.29
"X_5,13",6407283.399,50010.61004,10363084.45
"X_5,14",7177346.29,-178234.4506,11319483.76
"X_5,15",6010939.022,-88004.69833,12204058.57
"X_5,16",5811760.805,38892.4457,9423991.696
"X_5,17",6177968.566,27709.65035,10007031.1
"X_5,18",5554691.371,111538.2893,8327448.663
"X_5,19",4426415.813,21359.91767,4348454.202
"X_5,20",3371303.861,14807.64557,3140550.406
"X_5,21",2576825.696,-20805.19223,2712447.526
"X_5,22",1787363.203,1078.332539,1696077.425
"X_5,23",2446023.553,9415.625773,2970254.758
"X_5,24",1297248.644,18746.33746,2325869.585
"X_5,25",1765742.805,3098.341523,1388014.966
"X_5,26",1623045.973,33631.23876,856364.0403
"X_5,27",1349304.424,2137.678189,1579015.48
"X_5,28",771907.0861,7842.268374,1906530.309
"X_5,29",942772.9651,28982.5597,2470775.321
"X_5,30",837808.2519,7253.070016,1948852.259
"X_5,31",930253.7034,14920.07011,1129322.371
"X_5,32",412459.4926,2811.667618,334400.2547
"X_5,33",739579.2405,718.9894015,474994.5478
"X_5,34",2281081.184,403.5365283,613830.7558
"X_5,35",324766.589,13.57270379,3524749.95
"X_5,36",368110.3047,282.5359249,887287.4566
"X_6,1",76706,3394791,31077
"X_6,2",567242.442,8253532.416,360471.006
"X_6,3",818569.9705,5905899.997,448325.2039
"X_6,4",891491.6985,2267809.657,806362.7586
"X_6,5",1054317.011,1558332.239,1570451.429
"X_6,6",1595461.31,605196.7078,2851765.615
"X_6,7",2153000.831,513840.4067,5028861.078
"X_6,8",3090670.877,204591.3537,6700588.163
"X_6,9",2825562.42,70988.79151,6342134.282
"X_6,10",3391968.22,75852.12184,5987835.055
"X_6,11",3580154.021,179286.8247,4644147.176
"X_6,12",3117206.964,67259.31309,8072023.018
"X_6,13",4761357.599,18214.09963,7530893.866
"X_6,14",6175016.088,64631.26052,10090914.73
"X_6,15",3800292.156,21509.77603,5406574.88
"X_6,16",3762141.779,-17255.96488,5866080.107
"X_6,17",4601071.915,54648.88486,3507419.549
"X_6,18",3315714.036,93337.64886,11710901.36
"X_6,19",2298478.19,18236.70173,4572724.306
"X_6,20",2439851.392,8874.808979,2081662.242
"X_6,21",1735737.221,6763.141434,1739050.462
"X_6,22",1647004.344,-35392.92676,845406.3986
"X_6,23",1578687.723,3609.241882,1328950.262
"X_6,24",1118285.631,4160.833388,1108291.672
"X_6,25",1243127.03,2689.131005,902729.5982
"X_6,26",1151909.384,29507.16741,545771.6259
"X_6,27",962520.2269,-10514.97002,1221761.261
"X_6,28",1629013.758,3114.634804,238253.4047
"X_6,29",1238008.167,104077.6453,274340.5977
"X_6,30",605112.4404,6312.120904,1241264.476
"X_6,31",487490.368,5174.05479,1146287.683
"X_6,32",967884.2616,1724.128895,331760.056
"X_6,33",419175.1776,354.0154967,556782.7762
"X_6,34",521090.9252,-208.1790595,319495.0876
"X_6,35",540739.183,11.80719259,906272.3474
"X_7,1",148157,8187200,45561
"X_7,2",783335.3455,17721796.19,369710.0872
"X_7,3",1208771.196,8796756.71,605938.5618
"X_7,4",1595865.19,5750134.375,756137.3695
"X_7,5",2286487.858,2049071.154,2052438.59
"X_7,6",2846448.801,1221640.367,3862816.309
"X_7,7",3816129.602,1021965.838,6374775.629
"X_7,8",5414592.915,378190.1442,8596646.133
"X_7,9",5745584.637,-19433.66337,7879468.331
"X_7,10",7289126.172,133448.4836,11572343.82
"X_7,11",5309039.897,158552.7418,7245242.716
"X_7,12",8552083.339,100712.8964,10412326.58
"X_7,13",7166913.712,354644.308,11910084.63
"X_7,14",11119714.47,32732.41603,10574826.33
"X_7,15",7052786.742,42580.60064,7355155.722
"X_7,16",8329632.425,41214.52417,7208554.774
"X_7,17",7475771.136,45688.97686,5345903.935
"X_7,18",5976409.886,76498.94398,7974687.81
"X_7,19",6710914.66,36866.01757,3450249.114
"X_7,20",3478587.232,28216.15034,2997101.003
"X_7,21",4197806.23,13197.34267,4243939.81
"X_7,22",2447203.394,4592.879181,3217291.136
"X_7,23",3819759.675,3175.330533,5036798.262
"X_7,24",1787712.454,29156.59297,653385.5736
"X_7,25",1252324.849,25063.51676,5798496.692
"X_7,26",1280853.609,47415.64411,1091199.475
"X_7,27",1570395.218,-27119.45204,1548953.753
"X_7,28",3032030.457,6167.025937,324983.5324
"X_7,29",1326893.977,21294.69093,788565.5292
"X_7,30",742038.5017,7478.403646,1469618.159
"X_7,31",935938.2058,3597.579122,1330658.231
"X_7,32",513614.8916,3841.512485,294217.2731
"X_7,33",764201.2656,698.0009033,758398.3094
"X_7,34",3019811.792,692.1610933,536616.9329
"X_8,1",98615,4244662,73261
"X_8,2",755583.9355,9500640.409,697667.5414
"X_8,3",1216603.688,4514766.558,1026312.576
"X_8,4",1297312.554,2294780.969,1296621.297
"X_8,5",1872334.602,1478921.648,3914245.37
"X_8,6",2476775.96,633275.4062,7068550.517
"X_8,7",5939654.183,365627.3358,10923991.88
"X_8,8",5955757.304,263980.7206,13699666.56
"X_8,9",7309829.778,130096.4495,15960279.98
"X_8,10",9688372.687,66673.99385,19159334.67
"X_8,11",7289078.056,78482.92894,14685277.18
"X_8,12",8405759.654,50078.98187,17694633.36
"X_8,13",10144449.75,49543.87346,19431477.99
"X_8,14",7593659.398,32331.30746,15639181.09
"X_8,15",12345708.96,54891.79469,12884202.84
"X_8,16",14855903.24,20525.09576,17188868.73
"X_8,17",8673008.151,28126.74659,14197729.62
"X_8,18",8087393.242,274397.3491,9772825.829
"X_8,19",7848100.349,-3564.952731,6742480.456
"X_8,20",6354836.444,11757.40071,9011354.941
"X_8,21",3940551.32,12037.48542,9792790.679
"X_8,22",2799646.729,6490.988353,5162153.76
"X_8,23",2525337.85,3405.869827,1595719.331
"X_8,24",2371283.208,4648.186802,3270553.423
"X_8,25",1143407.044,5442.002037,1808352.821
"X_8,26",1406019.16,8693.856543,-1127390.527
"X_8,27",2571181.063,-9839.873896,2625255.129
"X_8,28",1493871.316,4017.836025,561835.0278
"X_8,29",1534617.224,9021.615993,1576537.075
"X_8,30",892672.2533,3899.689064,2493441.512
"X_8,31",1315815.685,1832.044581,2102246.892
"X_8,32",1797578.389,5235.42392,2584532.431
"X_8,33",1360164.339,496.8720428,1155186.159
"X_9,1",107223,4345819,67437
"X_9,2",876359.9575,10157915.25,603423.1212
"X_9,3",1237549.835,5915782.664,782388.9781
"X_9,4",1506743.513,2371850.657,968985.9372
"X_9,5",2281437.424,1154371.761,2797140.126
"X_9,6",3192990.871,730043.9199,6691050.806
"X_9,7",4040904.506,366547.1533,10640534.25
"X_9,8",5463624.799,194871.5364,13162623.68
"X_9,9",6278159.252,95409.55389,10944048.73
"X_9,10",6414962.223,116004.0435,14381262.49
"X_9,11",5702299.297,86516.91637,11103632.08
"X_9,12",8119409.724,33457.07137,13865575.1
"X_9,13",9705687.97,29303.44687,14527260.89
"X_9,14",12280208.83,29480.38893,18353158.79
"X_9,15",10909312.46,38323.76593,18884532.53
"X_9,16",8885266.237,19413.14865,11488491.82
"X_9,17",12385303.24,20360.55911,20910788.9
"X_9,18",6895484.8,42733.02942,13282751.65
"X_9,19",4983666.517,24928.65725,6703510.468
"X_9,20",6958015.145,15916.92669,5295359.157
"X_9,21",5255527.059,10328.42456,1955982.044
"X_9,22",4505615.106,3344.808546,1690583.649
"X_9,23",3767034.997,2575.781933,4056455.315
"X_9,24",2272593.733,4974.6265,2919074.579
"X_9,25",1025246.324,6249.664655,1426735.923
"X_9,26",1143734.066,-17823.41497,1461430.188
"X_9,27",998912.0628,6489.452801,964814.7985
"X_9,28",1944795.874,3440.597776,1672304.957
"X_9,29",1480205.179,14584.08366,3601308.706
"X_9,30",989781.7491,4204.005891,1658880.616
"X_9,31",1480840.67,3573.511578,1603679.976
"X_9,32",627804.611,2691.119601,448369.4542
"X_10,1",135233,3005281,15407
"X_10,2",1001422.123,6565976.521,136668.4075
"X_10,3",1618895.502,3143764.472,202453.1391
"X_10,4",1795527.688,1268304.5,233077.9957
"X_10,5",2251915.138,739471.7231,574333.4044
"X_10,6",3329326.56,523232.9068,1400104.096
"X_10,7",4359675.414,356325.9755,2123138.062
"X_10,8",5302630.783,116179.348,2097981.347
"X_10,9",5166155.567,90663.72235,2222997.402
"X_10,10",6016603.041,83701.12765,1650314.555
"X_10,11",6257047.718,70600.09948,1982053.072
"X_10,12",6685047.599,52398.64949,4154306.976
"X_10,13",6995505.579,124833.9207,3346038.109
"X_10,14",6191037.191,22045.51225,2506982.262
"X_10,15",7778872.3,18526.07425,2252270.676
"X_10,16",7830368.349,19843.00113,3381461.758
"X_10,17",7725559.891,16809.77978,2436932.796
"X_10,18",6142053.973,186923.5453,1617899.663
"X_10,19",8220505.223,13245.54871,1065323.988
"X_10,20",4699641.927,7488.968386,1164370.341
"X_10,21",4082780.857,4696.309353,1258153.046
"X_10,22",2245817.941,2807.80993,799658.241
"X_10,23",2286979.405,3300.675783,344536.744
"X_10,24",1713958.06,10377.56227,187107.664
"X_10,25",898014.4045,3711.285669,290991.3938
"X_10,26",958751.912,7409.096833,603107.205
"X_10,27",1250471.034,-8441.246896,438998.8888
"X_10,28",1079892.323,3358.277656,88515.66471
"X_10,29",1417923.958,5724.960806,181053.9063
"X_10,30",671156.8596,2573.740662,1577289.431
"X_10,31",1528428.848,1279.361493,563782.4585
"X_11,1",96776,2482184,40188
"X_11,2",741493.5957,5555763.359,382711.9908
"X_11,3",1182126.941,3815887.787,438888.4377
"X_11,4",1572116.133,1635005.579,761835.5446
"X_11,5",2090500.807,1011986.399,1519021.86
"X_11,6",2001152.545,436917.9319,2478592.983
"X_11,7",3089859.936,253213.119,3598495.42
"X_11,8",5557196.884,103582.3878,5273789.115
"X_11,9",5649743.058,69907.33143,5665697.569
"X_11,10",6826031.385,71902.46122,6388194.73
"X_11,11",4829851.583,36472.35339,5124366.738
"X_11,12",7450074.513,39824.98882,5534401.107
"X_11,13",7117863.927,-14555.8669,5686233.535
"X_11,14",8837619.559,-102558.9649,5836988.232
"X_11,15",7770206.647,17646.64211,4846441.282
"X_11,16",6433787.905,-11463.33553,4771043.519
"X_11,17",8551924.874,13201.20079,4990815.973
"X_11,18",4134851.671,22267.45361,7178620.685
"X_11,19",3935674.118,14945.83046,2576690.254
"X_11,20",5557864.557,10161.20217,1874881.647
"X_11,21",3833459.454,4420.881636,2728873.279
"X_11,22",2118099.23,1187.539276,763132.5954
"X_11,23",2962840.091,5421.772555,1592284.864
"X_11,24",1982154.943,4584.426046,1097541.819
"X_11,25",1625492.277,1507.256057,804777.6805
"X_11,26",1103080.531,4687.869904,825564.6411
"X_11,27",1295321.824,-8582.674157,384850.1853
"X_11,28",923878.7234,-9068.232792,1019793.67
"X_11,29",1197049.1,7898.247441,664436.4101
"X_11,30",780502.7256,5447.2407,1144100.301
"X_12,1",64402,4903479,28031
"X_12,2",423547.6213,11545116.89,236574.5986
"X_12,3",620268.4579,8339720.573,302975.2601
"X_12,4",848671.9004,3308568.84,524699.0793
"X_12,5",916056.0048,1307530.577,1168766.178
"X_12,6",1261543.093,933564.36,2885682.666
"X_12,7",1656526.527,483208.6021,4486103.136
"X_12,8",3141787.939,397618.0175,4525154.104
"X_12,9",3263250.147,132117.1094,4270272.221
"X_12,10",3332022.404,123029.1834,5522662.269
"X_12,11",2603475.196,74365.32054,4623173.195
"X_12,12",3655794.887,95583.57044,7146124.745
"X_12,13",3487714.228,100341.533,4525946.667
"X_12,14",3073335.616,43357.2669,5010033.046
"X_12,15",3060029.282,307011.5235,5012096.007
"X_12,16",3585280.595,24792.7401,4532954.736
"X_12,17",4400404.44,69261.28148,3837171.989
"X_12,18",1966166.623,52029.26161,3509535.699
"X_12,19",2204103.972,127686.1743,2411808.262
"X_12,20",2159595.844,14764.52106,2250660.179
"X_12,21",1405346.323,16181.47432,3099762.261
"X_12,22",772225.0103,8734.409325,986161.4476
"X_12,23",674519.7702,2711.055913,538032.9671
"X_12,24",955843.1975,5601.858687,524893.6509
"X_12,25",714069.9696,3764.379271,552941.5799
"X_12,26",569706.6513,8155.022178,415673.9722
"X_12,27",734111.9498,0,313393.1446
"X_12,28",2283928.416,4701.769132,669940.1349
"X_12,29",377639.938,11285.44835,653201.912
"X_13,1",62197,16200758,21755
"X_13,2",492167.8108,45244526.78,193341.9773
"X_13,3",977842.1142,25032835.02,350693.2157
"X_13,4",857567.5579,9521973.148,331275.0623
"X_13,5",1253677.455,5363523.904,803435.8369
"X_13,6",1923440.285,4203220.599,1968781.835
"X_13,7",1926944.302,1390606.267,2392637.053
"X_13,8",2945694.496,919614.5732,2753981.818
"X_13,9",3250575.161,566254.2522,2686684.993
"X_13,10",3684598.589,397575.8486,3097953.962
"X_13,11",3936118.716,378864.6891,2386269.03
"X_13,12",3826132.418,358503.2768,5583594.838
"X_13,13",5395012.628,125584.5814,3812270.561
"X_13,14",4633943.996,138977.7128,3443039.941
"X_13,15",4627784.251,128686.2879,3001966.61
"X_13,16",3702787.309,369841.2781,2333922.273
"X_13,17",5092583.229,916834.067,2667674.892
"X_13,18",2818678.335,137614.4391,2696681.35
"X_13,19",2410538.228,107850.1476,1480832.194
"X_13,20",1916707.947,125402.9573,2069222.716
"X_13,21",2319219.143,25945.18463,2263135.739
"X_13,22",2715578.856,141179.8129,1188499.656
"X_13,23",1137202.383,15793.71695,335544.7085
"X_13,24",878041.1279,33262.35069,404889.4466
"X_13,25",912397.0861,11237.38256,1327188.343
"X_13,26",663182.7843,33875.22104,499595.4996
"X_13,27",863180.9899,-65564.69404,567913.5012
"X_13,28",672128.9512,18626.75485,121540.0721
"X_14,1",60136,7878709,30283
"X_14,2",375887.8061,18515940.54,359817.7501
"X_14,3",504319.1782,10855413.48,587329.7337
"X_14,4",652308.1787,6720500.85,797490.4319
"X_14,5",926771.5516,3298846.319,1660571.484
"X_14,6",1735008.565,1663564.026,3842006.286
"X_14,7",1704582.632,779380.6271,6343370.917
"X_14,8",3073634.096,338972.9835,7791286.821
"X_14,9",3217719.116,340491.3829,7287318.754
"X_14,10",2461046.007,173229.5147,9189329.721
"X_14,11",3517242.824,112545.9999,9973994.477
"X_14,12",3169150.565,235585.0958,10206363.99
"X_14,13",4398629.712,40149.04272,10207083.36
"X_14,14",4615895.444,87522.47458,12887619.3
"X_14,15",5675165.153,92817.08953,13925586.79
"X_14,16",4346610.553,35782.80173,5929997.417
"X_14,17",4275042.396,50290.68236,7171984.323
"X_14,18",3747015.995,87491.65314,7514839.15
"X_14,19",2582246.428,203197.3638,4490273.892
"X_14,20",1838923.578,15085.85696,5189079.659
"X_14,21",2563723.478,50644.17368,2608066.721
"X_14,22",1234714.049,2070.52224,1500637.248
"X_14,23",933706.6496,7944.257586,2060137.695
"X_14,24",1115787.287,15283.91944,1803654.994
"X_14,25",915016.0651,5025.008566,1322538.474
"X_14,26",620941.989,15628.78869,1356698.908
"X_14,27",923741.0456,-23225.66249,1660699.758
"X_15,1",98285,10754737,12117
"X_15,2",436771.6569,21443644.4,85725.81236
"X_15,3",637570.7177,16096483.64,122555.4447
"X_15,4",825646.5382,5916429.801,210559.0595
"X_15,5",1075893.325,3337013.442,377347.2151
"X_15,6",1952061.597,2080602.988,1067399.31
"X_15,7",1751405.302,926390.9166,1378634.402
"X_15,8",3141562.13,737966.574,1438328.843
"X_15,9",3533536.059,416968.555,1597081.592
"X_15,10",3242676.89,326722.1868,1152551.455
"X_15,11",2865161.434,219746.988,1813552.774
"X_15,12",4248102.166,114773.1619,1356653.184
"X_15,13",4894218.272,49184.81245,1865408.904
"X_15,14",5646014.724,44174.5332,2529518.609
"X_15,15",6409758.889,113591.4547,2574881.278
"X_15,16",7878237.553,59154.80239,1072882.295
"X_15,17",4966091.772,56359.3926,1664283.901
"X_15,18",3109538.962,77545.68704,1448485.598
"X_15,19",3145225.189,218590.2725,761671.1122
"X_15,20",3121658.491,30758.04797,1004780.612
"X_15,21",2089193.325,-48775.06253,449703.8962
"X_15,22",1853049.942,24580.92596,297548.944
"X_15,23",1778235.96,8809.164604,366674.0892
"X_15,24",1721172.963,10678.84411,231616.1804
"X_15,25",1268381.756,6446.164297,381926.654
"X_15,26",812840.2708,15852.81663,144812.9687
"X_16,1",158880,3418683,61692
"X_16,2",706051.5933,6816440.287,436460.9075
"X_16,3",1360005.86,3995966.683,714906.0097
"X_16,4",1575165.665,1978828.29,1040430.689
"X_16,5",1939483.894,1093276.048,2149062.968
"X_16,6",2021073.715,521354.8033,3472276.704
"X_16,7",3120619.022,302147.9921,5041155.165
"X_16,8",5481183.579,262334.2659,6821316.451
"X_16,9",6507401.434,102860.6242,7814220.019
"X_16,10",6561838.37,102360.9059,6192863.933
"X_16,11",4934591.292,43933.71147,6513575.769
"X_16,12",5692879.126,-69595.56832,7788002.218
"X_16,13",7909151.915,72206.99684,10805421.12
"X_16,14",8021477.403,17401.97566,8698678.979
"X_16,15",7626822.96,21386.37103,6718272.301
"X_16,16",7677312.444,22906.62225,10086523.39
"X_16,17",7694320.562,24896.24289,6220039.191
"X_16,18",6031143.495,215846.5277,4770758.265
"X_16,19",5385274.235,15072.32913,3083447.566
"X_16,20",4481587.013,8647.646979,3431401.346
"X_16,21",2316624.942,9226.656766,5929288.808
"X_16,22",2679890.932,7009.483636,1466152.257
"X_16,23",1869134.896,2681.801639,771345.8196
"X_16,24",1753558.708,5464.555764,1276729.556
"X_16,25",1826674.219,2919.020322,1616231.887
"X_17,1",59153,4525287,31963
"X_17,2",434271.2534,11034386.83,285056.8968
"X_17,3",658216.7053,6622720.278,487537.3748
"X_17,4",781235.3904,2576619.529,536456.3323
"X_17,5",870569.413,1423514.215,986696.8552
"X_17,6",1245201.828,758252.1763,1933814.163
"X_17,7",2301947.821,367113.6938,3538171.026
"X_17,8",2702185.666,288261.3022,4661059.659
"X_17,9",3667693.48,142948.0087,4692686.036
"X_17,10",3910384.163,149797.9765,4771129.62
"X_17,11",3311140.317,93166.60259,4361537.535
"X_17,12",6207685.82,42751.70921,5191046.621
"X_17,13",4575388.526,189874.3435,5174598.133
"X_17,14",5407604.703,23826.59257,3524952.172
"X_17,15",5471133.802,30290.26263,5903855.731
"X_17,16",8041595.954,26722.241,2811860.585
"X_17,17",5007650.836,30626.82496,3728282.365
"X_17,18",5388641.614,38069.71623,3486866.061
"X_17,19",4133239.611,-4198.902147,1936901.335
"X_17,20",2690389.689,11291.95758,1974539.116
"X_17,21",2136756.277,8214.158038,1114995.576
"X_17,22",1536728.302,1139.294985,716753.802
"X_17,23",2229773.278,2253.08682,419013.2161
"X_17,24",3451714.866,11951.94296,1017468.799
"X_18,1",103028,5240161,12493
"X_18,2",643989.7712,12315026.42,148439.8227
"X_18,3",1109172.168,6045668.363,230425.2944
"X_18,4",1443343.006,2978315.842,275903.3213
"X_18,5",1919458.699,1954528.656,891452.5297
"X_18,6",2661826.837,978865.9729,1672068.733
"X_18,7",4215275.751,403585.7506,3260085.365
"X_18,8",5531626.334,331522.7668,4108368.636
"X_18,9",6330550.249,136576.2181,3796741.98
"X_18,10",8621671.133,86475.47074,5046000.045
"X_18,11",6873553.461,144844.6297,3116496.211
"X_18,12",7554378.617,65043.38139,4510061.606
"X_18,13",11017700.01,76686.88476,3584992.697
"X_18,14",10100848.83,24129.12182,3854047.374
"X_18,15",12007760.15,71281.54562,3147172.364
"X_18,16",9850127.333,35031.07398,2212886.289
"X_18,17",12809834.01,24484.68051,5585254.377
"X_18,18",5988634.876,39592.61656,2737462.09
"X_18,19",6154023.566,23010.38248,3129761.52
"X_18,20",7187530.261,19129.38252,1429114.621
"X_18,21",3028309.034,26778.96149,958857.2487
"X_18,22",3564147.078,12108.8376,666306.8098
"X_18,23",5799484.213,8491.438477,698378.8286
"X_19,1",119356,10139464,10027
"X_19,2",530409.7053,20216864.48,70939.40088
"X_19,3",743730.0624,10825575.6,104980.2942
"X_19,4",871659.4042,4447048.591,127198.9426
"X_19,5",1188302.073,2549288.973,280461.6788
"X_19,6",1510145.262,1872405.155,775460.7695
"X_19,7",2395643.752,850849.1842,999093.1446
"X_19,8",3021167.378,711452.5376,1270204.702
"X_19,9",3677352.121,180198.164,1578187.594
"X_19,10",3343666.654,275881.9606,1230849.025
"X_19,11",3712264.961,126513.1506,1436144.364
"X_19,12",3790740.514,171326.818,2591336.009
"X_19,13",5416126.142,96092.12078,1972478.915
"X_19,14",4803472.506,51337.89296,1567032.178
"X_19,15",4561286.266,147610.9907,1847747.971
"X_19,16",4530090.775,40680.75424,1430372.222
"X_19,17",5560019.93,113646.219,1210818.229
"X_19,18",3602854.441,87563.41463,988221.0157
"X_19,19",2862551.975,49557.11914,548227.6667
"X_19,20",2521263.596,175233.1485,811158.3704
"X_19,21",2411110.541,15190.19374,758985.8149
"X_19,22",1405609.877,5286.42215,575380.058
"X_20,1",63621,14545993,15038
"X_20,2",390827.0318,35058225.04,104761.764
"X_20,3",525629.2312,20400888.32,180368.6957
"X_20,4",612437.2963,11652492.68,287578.8181
"X_20,5",787990.7567,4318248.987,574470.9609
"X_20,6",1576273.588,4354484.578,1235298.805
"X_20,7",1737495.812,1341814.602,2141893.354
"X_20,8",1898744.293,930068.1332,1721698.156
"X_20,9",1971642.446,511386.4161,2559124.487
"X_20,10",2455751.8,426389.2932,2718656.723
"X_20,11",2867925.773,354645.0571,1995821.533
"X_20,12",2429342.934,196574.9118,1886151.442
"X_20,13",2758364.635,733382.1227,3072667.182
"X_20,14",3470635.512,812670.0384,3298972.273
"X_20,15",3052144.128,97832.81846,2321206.613
"X_20,16",3036263.506,73954.32374,2174459.116
"X_20,17",2643059.499,113325.4219,2178268.463
"X_20,18",2313444.671,385262.6779,4430374.521
"X_20,19",1622019.375,93242.23631,1202060.515
"X_20,20",1403124.81,80780.94422,1898082.474
"X_20,21",1560480.334,29660.96655,1197696.511
"X_21,1",104527,4057157,46521
"X_21,2",697957.2447,10063136.7,416428.9066
"X_21,3",903244.097,4762091.228,579210.45
"X_21,4",1157110.067,2193303.461,694883.4375
"X_21,5",2008397.244,1344602.917,1848097.227
"X_21,6",2285025.327,495931.5613,4473915.55
"X_21,7",3579008,329544.4383,5812876.241
"X_21,8",3579653.551,235842.0531,5261317.892
"X_21,9",5229396.665,99373.50797,5770890.638
"X_21,10",4936429.495,85023.41747,7404627.494
"X_21,11",6019145.912,88002.48549,6546279.937
"X_21,12",6755284.608,61139.66091,6789621.825
"X_21,13",6454055.802,-22346.29043,6975890.356
"X_21,14",6924544.953,23282.5657,6624545.289
"X_21,15",6361436.896,29367.7836,7749748.002
"X_21,16",7064748.229,19776.86174,7913062.321
"X_21,17",6244683.436,39689.72005,6395646.956
"X_21,18",5376491.534,47376.59209,4795687.635
"X_21,19",6926325.174,27631.30402,6175889.672
"X_21,20",2796432.536,30263.04977,3779720.791
"X_22,1",139951,4814630,66778
"X_22,2",837751.7472,10324435.28,592329.7611
"X_22,3",1230151.32,6174921.466,768682.8167
"X_22,4",1232522.848,2375777.97,1034641.471
"X_22,5",1688572.454,1133447.917,2383106.204
"X_22,6",3070694.346,886065.3879,6040252.61
"X_22,7",4127471.635,617016.7395,9148840.595
"X_22,8",4670894.469,214651.2253,10516555.02
"X_22,9",6021693.321,92663.36983,13251966.51
"X_22,10",5337715.403,88563.88484,13022154.65
"X_22,11",5608185.512,75519.52365,9131553.452
"X_22,12",5831278.697,87332.2184,10239332.15
"X_22,13",8541395.618,30812.1768,12869973.28
"X_22,14",9508402.152,19048.09172,18055462.44
"X_22,15",8979324.784,78408.53685,16786519.19
"X_22,16",7414706.379,23891.65573,9538032.391
"X_22,17",7887629.59,28052.89585,11499438.07
"X_22,18",5111587.478,65062.10856,7476021
"X_22,19",5525926.174,21586.42919,4929266.345
"X_23,1",145494,4595035,18743
"X_23,2",932247.5636,10543135.45,106632.1608
"X_23,3",1534461.84,5501742.039,178309.3999
"X_23,4",1852501.348,2656929.365,291895.8781
"X_23,5",2209176.71,1231992.673,582127.1827
"X_23,6",3154253.903,704986.3246,1187864.98
"X_23,7",7564340.774,407030.2891,1835769.21
"X_23,8",7175448.426,199529.0364,2452253.947
"X_23,9",6379433.901,142700.8993,2719547.135
"X_23,10",10974861.29,140055.6178,2002596.134
"X_23,11",9260326.489,101062.9058,1738082.952
"X_23,12",8898362.873,121908.5201,2796418.975
"X_23,13",9569701.956,205351.4296,3170177.704
"X_23,14",15402453.82,74237.94647,3822116.599
"X_23,15",12956893.72,35552.0925,1709167.021
"X_23,16",11147970.15,20166.16961,2052297.826
"X_23,17",13726440.86,57534.97116,1867007.712
"X_23,18",7541860.54,44147.65381,1583855.76
"X_24,1",80222,4331565,37725
"X_24,2",634800.4907,12096940.69,335271.2523
"X_24,3",859753.7599,5283733.937,503436.5099
"X_24,4",1073112.661,3791008.454,1062530.329
"X_24,5",1620491.767,1291727.199,2239069.035
"X_24,6",2388595.086,1061668.927,5286281.286
"X_24,7",3158916.937,778964.7551,6537993.516
"X_24,8",4549852.671,348972.2861,7072583.698
"X_24,9",5247962.801,122661.9296,6959751.5
"X_24,10",4665158.256,155042.9705,7086692.354
"X_24,11",4833829.38,97754.57927,7384686.977
"X_24,12",4412218.067,162878.1631,7696708.319
"X_24,13",6114700.672,96029.12695,9844691.788
"X_24,14",5945694.379,36813.5201,7801589.446
"X_24,15",5490880.493,29117.95588,7350317.792
"X_24,16",5070207.047,-22077.71172,6874765.05
"X_24,17",11409543.68,30586.26532,7994128.215
"X_25,1",101628,16604984,35864
"X_25,2",608348.8833,35607530.09,318118.4604
"X_25,3",808519.4266,17448443.58,454212.3746
"X_25,4",1034761.361,12162968.17,979803.085
"X_25,5",1240541.789,5369464.331,1301965.4
"X_25,6",2512099.362,4416150.367,3284260.969
"X_25,7",3174213.347,2198607.832,5357145.17
"X_25,8",2919241.825,654566.8675,5416068.217
"X_25,9",4931260.798,528385.3,6788863.963
"X_25,10",4985360.759,520823.9051,5759112.432
"X_25,11",3741551.012,225671.5209,5732015.28
"X_25,12",5771364.472,246415.8454,6190671.615
"X_25,13",7460051.755,239914.1927,5511956.207
"X_25,14",8783900.943,110818.4477,8603792.692
"X_25,15",7803313.552,144061.2015,8852895.832
"X_25,16",6743185.638,118311.1612,8771648.364
"X_26,1",35897,3728924,39354
"X_26,2",176887.7909,7796285.227,252392.788
"X_26,3",341778.6127,6189339.638,466428.9407
"X_26,4",346539.3233,2948622.776,726376.3828
"X_26,5",485033.9383,1367389.67,1633960.459
"X_26,6",707143.8136,717161.5365,2514600.905
"X_26,7",994198.5734,468648.473,3928410.112
"X_26,8",1169883.498,189294.4904,5019023.638
"X_26,9",1350966.913,72705.14361,5579637.757
"X_26,10",1570696.597,127105.7032,5570340.178
"X_26,11",1232019.433,83615.19386,6270059.582
"X_26,12",1357269.359,68174.24621,7711450.557
"X_26,13",2020762.812,42015.46721,12071404.94
"X_26,14",2052193.25,18670.55101,6510696.707
"X_26,15",2439621.139,55155.99548,5316562.759
"X_27,1",92683,1098527,73223
"X_27,2",452791.5767,2305122.828,447775.6781
"X_27,3",682592.3389,1239677.995,798864.2801
"X_27,4",907872.1592,553420.7964,1067175.307
"X_27,5",921088.107,303640.7909,2119700.466
"X_27,6",1830237.62,196336.5802,5617918.788
"X_27,7",2326811.218,110432.6739,8031721.869
"X_27,8",3343861.23,70769.83898,8024625.04
"X_27,9",4293214.298,38883.04133,8117254.673
"X_27,10",4539745.278,17504.6868,12994953.12
"X_27,11",4090994.582,28209.16785,7580973.047
"X_27,12",5200898.615,15346.74777,9588843.09
"X_27,13",7545774.149,12982.8301,14737343.02
"X_27,14",6232000.471,6752.545697,15187791.22
"X_28,1",101771,8716797,38431
"X_28,2",828227.0805,17545044.96,313289.4472
"X_28,3",1209467.004,10132258.25,573486.8622
"X_28,4",1478440.033,4243745.55,603810.7982
"X_28,5",1790172.513,2149026.402,1494479.915
"X_28,6",2364871.557,1662874.304,3949756.073
"X_28,7",3688476.826,1242963.281,4817157.682
"X_28,8",5140113.311,482854.3442,5349961.286
"X_28,9",4708553.591,134058.4802,7372645.424
"X_28,10",5382421.876,166973.6327,7288336.834
"X_28,11",5631453.479,220929.5986,5097670.6
"X_28,12",5574176.052,95452.78285,6928951.484
"X_28,13",6912346.126,152203.4084,8265332.696
"X_29,1",98651,2953890,36324
"X_29,2",927637.174,6417223.857,271523.9815
"X_29,3",1284269.653,3413148.892,472033.3591
"X_29,4",1408422.009,1651584,748764.5299
"X_29,5",1611547.842,685006.0734,1094716.209
"X_29,6",3868122.532,496562.623,3457721.37
"X_29,7",5788492.752,345251.8887,4068836.524
"X_29,8",6152622.949,223110.9315,5444087.128
"X_29,9",5429597.322,64922.96164,5204126.663
"X_29,10",9422292.905,87595.53933,4443574.876
"X_29,11",7678135.961,39697.48338,5622533.621
"X_29,12",8798402.194,33039.80773,3684687.964
"X_30,1",84006,4854970,87391
"X_30,2",622077.9457,10607200.8,775205.3485
"X_30,3",933491.7498,5269936.467,1002676.418
"X_30,4",1001921.461,2877211.247,1411602.084
"X_30,5",1312632.021,1511834.316,3159302.546
"X_30,6",1965308.214,1089320.058,8736651.699
"X_30,7",2115584.901,433421.0432,10254083.05
"X_30,8",3724385.418,324699.9423,11238002.44
"X_30,9",4382851.101,150601.8055,15120865.97
"X_30,10",4677497.588,80701.30833,11638442.64
"X_30,11",3490691.251,64266.76204,12242584.52
"X_31,1",67851,14443859,72459
"X_31,2",480323.8276,36942772.44,436066.901
"X_31,3",628879.9346,21441079.66,746550.5536
"X_31,4",833307.1315,10126668.82,1076468.787
"X_31,5",1036082.504,6417681.274,3142744.571
"X_31,6",1072740.719,2692829.575,4317551.844
"X_31,7",1472181.435,1522401.414,6617510.611
"X_31,8",2197867.224,804658.7012,7454908.337
"X_31,9",2687360.716,552361.7358,6832041.719
"X_31,10",2372417.579,266339.1837,9575316.574
"X_32,1",69737,10267182,22880
"X_32,2",569977.6574,23998506.28,204729.1697
"X_32,3",813188.0971,17373292.37,260614.0903
"X_32,4",1007866.667,9316489.294,398343.8054
"X_32,5",1151931.191,2836653.954,948648.3865
"X_32,6",1373978.145,1818852.455,1801351.933
"X_32,7",3838056.362,1058327.823,2822106.761
"X_32,8",3754934.963,703759.1633,3859671.822
"X_32,9",4497156.566,360931.9342,4348971.246
"X_33,1",91745,1935159,74112
"X_33,2",702946.2877,4331381.343,705771.6497
"X_33,3",929787.0637,1857487.905,1027160.992
"X_33,4",1135517.118,955070.1473,1429865.077
"X_33,5",1371040.394,498754.2095,3334112.201
"X_33,6",2110856.816,261198.3704,7392041.178
"X_33,7",2540945.993,156711.6212,12170787.27
"X_33,8",3791581.869,84478.66271,15970529.19
"X_34,1",172301,4671844,31311
"X_34,2",1274169.426,11358347.51,363185.2389
"X_34,3",1510888.7,4628125.475,490232.3015
"X_34,4",1996873.652,2423768.892,644293.3377
"X_34,5",2776756.936,1551726.118,1480235.388
"X_34,6",5549679.546,846481.4005,3540644.477
"X_34,7",8357210.677,563289.0698,4382521.579
"X_35,1",42450,4510357,5940
"X_35,2",335908.8633,12596260.5,52790.22501
"X_35,3",548792.2828,7062377.828,72879.88941
"X_35,4",703454.5391,2695648.619,96305.57317
"X_35,5",689549.5706,1570889.668,167888.5922
"X_35,6",1096567.089,817269.2556,399217.9676
"X_36,1",78162,15486437,23098
"X_36,2",368306.8645,36948321.62,214087.9418
"X_36,3",627609.8212,17468186.7,374455.7707
"X_36,4",815119.088,7767207.942,518501.2914
"X_36,5",1090316.307,5656922.251,887690.0996
"X_37,1",124536,7360296,35756
"X_37,2",851589.954,18036338.97,286812.0802
"X_37,3",1221497.988,9249967.275,494604.1669
"X_37,4",1483883.816,4064966.027,595096.2476
"X_38,1",80979,4254413,4865
"X_38,2",497458.1068,10253831.99,33891.87271
"X_38,3",815711.4261,6887558.776,40222.14161
"X_39,1",77804,4219363,40961
"X_39,2",534832.1117,8636049.027,298147.9958
"X_40,1",117290,4433237,34799